Mother's occupation,Father's occupation,Course,Curricular units 1st sem (approved),Curricular units 2nd sem (approved),Tuition fees up to date,Curricular units 1st sem (grade),Curricular units 2nd sem (grade),Age at enrollment,Target
7,11,17,5,13,1,33.02099626185323,16.88481139435206,29,Graduate
9,10,6,7,1,1,3.7904327420522232,26.822129060006596,26,Dropout
7,9,6,5,1,1,29.69646071147421,12.098551092166616,54,Dropout
3,3,16,0,9,1,17.873176815008485,1.9177717358287483,18,Dropout
5,9,6,1,3,0,11.16536731034715,21.205181141914416,31,Dropout
7,2,13,4,10,0,5.382498219262626,38.70018676695368,46,Graduate
10,7,5,5,7,1,30.622938097651105,6.987279462409743,26,Graduate
10,6,12,13,13,1,19.808577950752678,4.5780944971599835,23,Graduate
10,4,11,9,6,1,16.049149419539454,25.12867971257231,50,Graduate
9,5,5,0,6,1,4.375967905437741,23.385356903572877,46,Dropout
3,5,9,13,2,1,12.442875682329731,14.94348802378739,28,Graduate
3,7,9,4,5,1,28.225829962375695,31.56474449056818,33,Dropout
10,1,14,12,2,1,34.53746612283861,27.8215351340539,36,Graduate
11,1,10,10,1,0,20.766688488123783,12.847718625414482,28,Graduate
9,5,5,7,7,0,36.89055581981228,30.306844268213137,18,Graduate
3,5,12,6,14,0,11.850151639204093,1.1388241548255218,35,Dropout
3,10,4,5,7,0,31.39331619775843,11.306408553327202,26,Graduate
3,3,11,6,14,1,30.890465715900874,33.661211783164056,38,Graduate
9,7,12,7,0,0,7.100598851532629,28.143959811665205,45,Dropout
10,11,14,12,1,0,31.23630864919211,0.354201879918592,41,Graduate
9,2,9,8,9,0,35.19288984870404,31.66356631508132,31,Graduate
10,1,2,2,9,1,24.144514953664373,1.0205130483357516,33,Graduate
9,10,15,14,3,0,0.48449965927136684,27.279598257504833,29,Graduate
10,3,16,1,4,1,1.859850992693084,39.86433520514009,24,Dropout
8,10,9,5,0,0,1.0970810937256514,30.58514451793522,36,Dropout
9,11,9,9,4,1,29.941260582985677,22.062432824587294,38,Graduate
3,5,17,11,6,1,26.154221544797224,29.65965675716032,26,Graduate
2,4,5,11,8,0,9.15174060600135,27.662035066674054,24,Graduate
9,6,13,13,4,1,16.536019386030347,20.891509546911426,27,Graduate
3,9,16,11,10,0,35.30423204026863,7.259629306325577,38,Graduate
9,8,6,10,14,1,34.136492996452034,22.080638681298144,48,Graduate
3,9,8,13,2,0,1.0557758699201614,7.337263075710934,28,Dropout
7,7,12,13,13,1,15.511655163237217,39.81600170116928,46,Graduate
6,7,14,13,6,0,25.259794197597575,36.44661497710385,54,Graduate
5,2,5,2,12,1,9.420262811812186,27.038585761786535,40,Graduate
6,3,14,8,0,1,22.147642715453454,24.202733168580266,33,Dropout
2,9,9,13,11,0,26.17277422818235,11.253738985285707,21,Graduate
9,6,11,3,2,1,1.5906769708179969,8.447163993839059,24,Dropout
5,11,10,1,0,1,29.279692354593244,8.09166060037148,37,Dropout
1,2,4,0,13,0,23.101106719008833,20.680751852248687,18,Graduate
9,4,17,13,9,1,15.591780232488496,23.923140861721343,40,Graduate
5,8,7,9,5,0,22.368664884634182,5.393384029968762,36,Graduate
5,7,4,9,14,1,19.14444032131336,5.580399487533199,17,Graduate
3,10,14,1,8,0,22.087224557876205,27.57538364654714,48,Dropout
3,7,7,2,10,0,13.334973580811438,34.472192930479046,41,Graduate
6,11,15,6,5,0,32.97617504413226,2.957011077453928,34,Graduate
9,9,8,6,0,1,1.5333513862666281,18.96711432990065,24,Dropout
1,8,12,8,7,0,5.539841175132767,21.84083557828807,21,Graduate
2,10,1,4,6,0,0.19968235332025852,1.1692602282970066,50,Dropout
10,4,15,3,11,0,30.772054024847098,24.660853816816303,31,Graduate
2,4,10,13,1,1,7.459903758357926,1.2193002744537251,22,Dropout
5,4,13,13,5,1,8.805199871808874,20.813792337213176,42,Graduate
2,9,13,1,14,0,0.01920127218069112,39.591187462583925,48,Graduate
1,5,12,10,1,1,37.82154813937781,4.707960846055048,17,Graduate
7,6,8,4,7,0,24.31242857851793,12.32723258437684,52,Graduate
5,5,16,4,6,0,20.850583480330094,17.46459029543644,35,Dropout
10,2,11,5,0,0,0.8029112307156172,16.143810985472168,25,Dropout
8,9,2,13,13,1,31.118182750961395,36.31831300978032,17,Graduate
3,5,10,14,12,1,23.19525994066594,24.597241230345407,27,Graduate
5,6,17,12,2,1,16.277043076590783,32.602866854522745,53,Graduate
6,4,3,3,10,0,6.95585604896932,12.959918135123786,27,Dropout
1,5,15,14,0,1,13.9664997980524,0.23560038873141398,29,Dropout
5,5,14,5,12,1,33.13282683609277,2.008673139155688,48,Graduate
1,4,17,6,4,0,2.9816466861430424,32.361908088419696,39,Dropout
2,5,16,11,13,0,22.167763553539523,36.06012751368742,53,Graduate
6,7,9,4,0,0,20.12273154292407,8.401400249149562,41,Dropout
11,1,9,1,1,1,32.775202463800476,2.4276380578923895,41,Dropout
7,8,5,9,6,0,7.847042012718415,33.29980460451204,37,Graduate
5,10,13,1,8,0,16.47074096393198,11.58561497311382,52,Dropout
1,11,10,11,13,1,38.60435135208347,9.974830769254508,27,Graduate
9,10,14,0,0,0,6.490979318110757,35.307886316877365,47,Dropout
5,1,2,7,0,1,23.87489941417298,20.873789512071017,49,Dropout
1,6,8,13,7,0,4.8764409563446875,7.672326293980509,27,Dropout
1,1,5,13,5,0,14.559835821113225,11.94375144449892,41,Graduate
7,7,16,6,0,1,7.134379554588377,0.8938872076499615,20,Dropout
8,11,6,8,7,1,10.926853247455398,19.5821639250304,17,Graduate
1,2,9,11,14,1,32.15645997217759,28.38821537305958,23,Graduate
1,8,12,14,5,0,12.59897619689632,37.00857386128784,37,Graduate
6,3,1,5,13,1,8.587702496193339,18.910063267357287,21,Graduate
10,9,7,1,1,0,19.653312082677527,12.98666976654712,18,Dropout
3,3,1,11,8,0,39.86378569141996,4.6193112871202135,36,Graduate
10,8,1,2,4,0,21.001473765826404,1.778677325109741,26,Dropout
7,4,3,3,9,1,39.762179316483895,16.99262994038728,36,Graduate
11,10,10,0,10,1,2.0483238563292083,8.311035866625032,47,Dropout
11,10,11,13,8,1,0.951273544551321,20.447834847432166,22,Graduate
4,1,13,11,7,0,34.85869776856717,7.987451663530631,41,Graduate
6,7,8,0,3,0,16.302431942653506,7.001243279816709,27,Dropout
10,11,4,0,2,0,12.568832385382942,7.940085762172071,39,Dropout
9,8,4,9,0,1,10.514143104638745,30.656650271497135,31,Dropout
3,8,3,5,11,0,4.206377796842395,14.565910017714758,23,Dropout
1,10,9,2,1,1,13.084722918935832,25.050115569390428,36,Dropout
8,8,1,5,2,0,25.520709429022766,35.189576199866586,48,Dropout
3,9,3,5,2,1,28.78397279410196,25.78424710939446,30,Dropout
10,10,6,3,14,0,10.009359047938965,13.65248831446372,29,Graduate
3,1,13,2,9,0,36.54032636782952,30.515494213606146,34,Graduate
1,8,8,4,14,0,27.061217157514132,0.09636188305704341,20,Graduate
4,1,2,7,5,1,22.054004008324174,31.918494909226062,24,Graduate
7,10,4,9,6,1,15.042783802887252,32.30954817818355,33,Graduate
9,1,1,10,12,0,4.817740832717821,18.027181736722575,20,Graduate
6,4,10,3,0,1,6.6471010004781395,12.545550633439127,33,Dropout
3,11,12,9,6,0,18.904157974051717,13.781676731647895,49,Graduate
4,8,3,9,7,0,14.206669883892253,38.58023372954281,47,Graduate
1,5,5,10,11,1,10.305736274199674,13.533061784264815,47,Graduate
8,2,17,5,3,1,20.069681452266437,2.203715663963255,36,Dropout
6,4,16,7,7,0,23.7327226976063,26.020171266864203,54,Graduate
7,10,9,0,12,0,4.782301592034535,19.4079775650222,30,Graduate
9,5,10,13,14,1,30.729763817534398,2.927873914650574,35,Graduate
3,1,1,9,8,0,36.472622609185336,32.789655424928974,31,Graduate
1,4,7,14,13,0,27.272979351212328,16.24104987440736,22,Graduate
11,10,2,13,5,1,17.12958194193361,33.37607204836823,28,Graduate
8,10,17,10,12,0,35.61932274343435,6.248578838404,22,Graduate
1,6,8,8,13,0,12.160799267185741,32.37529574672137,42,Graduate
4,2,8,14,6,1,18.62833147325079,21.959413887231737,44,Graduate
6,2,2,9,5,0,38.20575803100986,35.134554933229396,41,Graduate
8,3,13,4,6,1,35.276056709628904,1.7003507453388744,19,Dropout
10,6,16,6,12,0,22.754323858525858,0.12629197826373506,33,Graduate
5,2,3,1,3,0,21.86193093918884,27.38164682388454,42,Dropout
9,6,12,14,0,1,24.641541711977393,6.503931623657677,49,Graduate
8,11,8,2,1,1,15.151434428075024,9.421415615793993,28,Dropout
2,5,14,14,12,0,36.86336690554222,20.208642986997553,48,Graduate
11,7,8,13,5,1,20.891737233333593,12.443478611700982,34,Graduate
5,5,4,6,3,1,24.104631325531976,14.704492864389342,38,Dropout
6,6,17,11,1,0,20.083708742679633,35.07489603001369,51,Graduate
5,1,15,2,5,1,26.648954182744312,0.9256402344105386,36,Dropout
8,2,9,14,6,0,13.329396417012882,39.209564258302755,34,Graduate
1,9,14,4,5,1,10.111181547968492,14.032476323727895,51,Dropout
1,8,2,8,14,1,4.258908233902896,2.645596631150542,53,Dropout
5,7,13,14,11,1,19.33319568662581,17.361841413547857,33,Graduate
2,6,1,12,9,1,39.0557587377595,12.597441827659948,42,Graduate
8,4,11,14,3,0,11.889875505196539,0.2974195402324531,35,Dropout
5,2,3,8,4,1,29.257032089005097,22.311833367521245,29,Graduate
1,4,4,8,10,1,37.97789509556315,25.335480177722637,21,Graduate
1,11,9,12,14,0,23.966707263137295,11.996483702260686,44,Graduate
6,11,9,0,5,1,0.001172074105477705,38.035208396077365,37,Dropout
7,8,9,9,12,0,36.27642363034169,36.07054882859428,44,Graduate
4,5,17,1,10,1,39.87296429594052,13.90121328802012,27,Graduate
11,3,14,9,14,0,28.827716468867592,18.258145956429345,47,Graduate
7,10,1,12,3,1,10.909566193670654,9.3481506650246,17,Graduate
7,8,3,3,6,1,26.868153055154444,39.630600568180526,52,Dropout
10,2,17,9,3,1,2.3864933986230996,26.45724094332905,29,Graduate
11,11,15,11,8,0,34.980380326169765,23.423611194000603,19,Graduate
2,5,15,14,2,1,13.355408013880314,39.98165362175292,41,Graduate
9,9,6,4,10,1,1.383271615914583,13.423747460687302,33,Dropout
5,2,9,14,7,1,30.79287104103901,17.07287147043228,32,Graduate
4,5,4,9,2,0,26.380761107632964,25.807214319533944,21,Graduate
1,2,9,4,14,1,12.10814715352341,12.510896976335776,54,Graduate
9,3,17,2,12,0,12.74578869800032,13.34243967715118,36,Graduate
10,1,7,6,12,0,15.758273159483815,25.729377757889512,17,Graduate
10,10,2,9,14,1,37.666139895219,0.5009709811536966,46,Graduate
11,2,11,1,14,1,38.11941421555295,5.9857743931819085,28,Graduate
1,7,11,13,12,1,26.41832511501477,38.01898204412412,48,Graduate
11,4,4,11,12,0,24.97301120111282,2.120654368748367,39,Graduate
3,1,6,4,0,0,24.845411493392874,12.266105802448322,33,Dropout
9,7,14,14,4,1,2.8771354572602803,11.129166438754478,18,Dropout
7,8,14,5,9,0,27.750187534642578,6.844374031008513,17,Graduate
5,4,17,13,6,1,26.906493241524988,3.8386587392844396,18,Graduate
3,5,2,1,8,0,31.786621097834875,2.5628546090586646,38,Dropout
11,10,10,8,7,0,22.98204761471926,38.936876790654445,35,Graduate
8,3,11,2,12,1,20.868198940167446,19.764193334053573,37,Graduate
2,6,14,3,8,1,38.18859979476955,15.035539427679531,35,Graduate
4,4,7,3,8,1,6.545852474025371,26.38172249930939,29,Graduate
1,1,7,1,11,1,7.098205211483655,7.261584098655249,43,Dropout
1,2,6,1,14,1,20.741046567616067,5.42241253809395,50,Graduate
10,5,2,9,0,0,0.07172357795725226,17.232997739079682,48,Dropout
4,7,5,1,3,1,29.418567551561104,35.92176221975319,37,Dropout
6,8,10,1,2,1,38.93415680985575,22.050356007129295,50,Dropout
1,5,9,14,14,0,12.516534630120727,25.96516776382405,32,Graduate
3,11,13,1,1,1,1.3112970230740917,7.2210622547106995,33,Dropout
9,5,5,9,2,1,12.641538790603647,8.680367797982257,36,Graduate
8,9,4,1,6,1,31.6126237574918,31.6158737870826,31,Dropout
1,4,3,10,12,0,9.358094782204432,1.67476369120096,47,Dropout
8,8,9,9,0,1,34.21287780046199,19.548027065878916,44,Dropout
2,8,3,7,14,0,12.230182072575646,11.180103147200228,51,Graduate
8,1,3,7,1,0,28.703193518495524,1.2588236138652187,41,Dropout
2,9,6,5,5,1,6.56428964184772,35.59313483280509,34,Dropout
1,2,6,11,1,1,39.854810379770015,2.993100628329466,29,Graduate
2,4,8,13,12,0,5.8939234632547555,6.331466192809887,29,Dropout
5,6,1,3,7,0,28.097461983172686,31.995454817758215,30,Dropout
10,5,3,9,1,0,36.080626098229246,22.764769527889296,20,Dropout
8,9,4,9,4,1,34.38087650553473,8.130093942218878,30,Graduate
9,9,16,13,7,0,0.3317295959314315,17.851701311722863,32,Dropout
10,11,3,13,2,0,6.868983052312672,4.892702084305189,50,Dropout
8,7,14,4,4,0,11.481966434184582,11.953937623780707,42,Dropout
5,2,16,10,0,0,3.295909322178554,27.087510898441685,21,Dropout
5,10,11,4,4,1,0.6758764830089659,36.98897377748989,30,Dropout
9,2,9,5,4,1,34.03614661831292,13.534703419200302,36,Dropout
3,9,10,7,7,1,0.5260856226292621,21.09648754904719,37,Graduate
6,8,2,9,4,1,8.074967850529378,5.904606156294565,25,Dropout
1,11,10,3,9,0,15.79318555456191,10.903808545577025,44,Graduate
2,6,17,13,6,1,30.070971421557257,17.826330541070607,30,Graduate
10,4,2,3,7,0,36.06436709580871,15.043852988636965,46,Dropout
1,9,1,8,8,0,35.050982245607166,30.765598479188544,52,Graduate
3,1,11,6,14,1,5.987376657402397,29.328254148478106,42,Graduate
4,7,15,0,11,1,20.631239025489982,4.366600140761401,50,Graduate
5,6,14,2,12,1,17.83886007731603,6.356590990922983,31,Graduate
4,10,17,11,5,1,18.673310030416324,4.358612584218005,24,Graduate
9,5,5,0,2,1,11.949665394218654,25.185517828135175,36,Dropout
7,1,10,8,14,1,33.128719597293056,21.929344178003348,51,Graduate
11,7,1,9,12,1,13.102552845651768,26.825911544071804,29,Graduate
10,6,7,8,1,0,26.036783673522535,8.734549292304848,53,Dropout
7,1,4,10,2,1,27.619084755131794,2.5604151531723884,42,Graduate
8,10,15,7,12,1,24.723280127640134,35.25568155594593,51,Graduate
9,4,15,11,4,0,0.14988353156036194,20.829632433498947,17,Graduate
6,4,14,2,3,0,34.61042561568383,7.170151051308253,23,Dropout
5,4,16,8,13,1,29.103646149130515,27.949552623654938,34,Graduate
3,5,15,8,2,0,38.24213289092205,33.196082344286374,41,Dropout
7,3,14,0,10,0,26.93231383795727,18.96719652130907,43,Dropout
11,7,13,14,11,1,28.916764014118613,0.5202133760030758,21,Graduate
2,7,6,14,10,0,17.47414149303856,23.548122567260506,41,Graduate
8,4,15,4,9,0,8.831523941043585,13.83970563507615,50,Graduate
6,6,7,1,11,0,19.17376999373095,22.05367828766688,23,Graduate
7,10,3,4,14,0,16.889633299457252,20.385308047676244,40,Graduate
5,2,6,12,9,0,32.25696559110486,14.388336432848599,42,Graduate
8,9,15,6,8,0,17.412178188464225,6.155520398849106,26,Graduate
10,7,16,7,5,1,4.939017283924643,18.26199721968884,25,Graduate
11,10,11,2,11,0,30.315277213490333,13.43797945906465,20,Graduate
7,6,1,7,13,0,37.46186838666845,14.331143418348699,23,Graduate
3,11,4,8,7,1,36.8291517094926,19.97708512993809,54,Graduate
1,5,3,6,3,1,13.647199741044895,13.211045480805232,53,Dropout
2,11,10,3,12,1,10.208511483265447,3.220125237763223,49,Dropout
10,5,17,12,4,1,37.04332884124307,9.474188964167457,53,Graduate
7,10,6,5,3,0,6.4446904269796645,10.304524759110688,39,Dropout
7,2,15,12,0,1,13.61875577307391,0.17170081564588102,33,Dropout
3,5,11,4,7,0,16.154092894104387,22.083337289608377,28,Graduate
9,2,17,2,10,0,18.111177055490888,38.62148817934202,32,Graduate
2,6,13,9,6,1,25.76383659776802,7.196077985503333,27,Graduate
5,1,13,4,13,0,10.82718830948922,6.920680056470814,41,Dropout
5,6,8,9,14,0,25.474393077238364,20.163672772494074,42,Graduate
4,8,2,0,11,0,20.843217862277235,13.6361814426499,50,Graduate
10,10,16,5,14,1,34.25449863940885,27.137709919207126,36,Graduate
9,5,15,14,11,1,1.2927392274545157,33.209874233752885,43,Graduate
11,9,10,6,11,1,0.932653961897838,5.095981233798219,28,Dropout
2,8,9,8,4,0,21.10110801638382,1.5336277462518133,45,Graduate
4,7,3,8,12,1,25.841443092011048,7.434040391629977,23,Graduate
11,4,2,11,10,1,29.979379482810703,14.621954331163298,29,Graduate
4,2,6,8,2,0,4.559919935444574,10.026240692451328,53,Dropout
2,2,9,2,12,1,16.630581985223074,6.431273196201159,40,Graduate
6,10,17,11,8,0,26.645359220167425,29.346057680209793,17,Graduate
7,2,7,12,4,1,21.524346345458426,29.255541228586264,48,Graduate
2,3,14,1,10,0,1.5345295172060913,22.96162921837447,17,Graduate
7,3,2,10,10,1,26.417059758109435,9.40568253846898,22,Graduate
3,7,5,2,12,1,0.9834277954732951,29.3275914359009,29,Graduate
3,7,5,6,0,0,14.285801924571423,23.283427689829807,53,Dropout
1,2,12,5,0,1,35.183251597361476,11.581274079742734,22,Dropout
2,11,16,6,12,1,19.384447026381636,35.94299641377393,46,Graduate
10,10,7,13,8,1,33.725231314775435,36.087220899074396,25,Graduate
11,7,14,1,11,1,31.05838944551101,0.8137635788223152,34,Graduate
6,5,10,13,10,1,33.53419162124694,36.09501262092776,33,Graduate
3,8,14,2,7,1,25.784180203621112,6.46635205572911,44,Dropout
9,10,13,10,2,0,11.780996436231232,3.533933729736858,51,Dropout
3,7,3,14,14,1,6.106794061123182,33.9933536740281,48,Graduate
8,9,2,7,10,1,31.05516106645161,21.025217983744994,44,Graduate
10,7,17,5,8,1,38.2455523443494,24.671346135535067,23,Graduate
10,1,3,13,2,1,18.65862000794964,19.912143701644318,18,Graduate
7,6,4,13,12,1,22.978936885421888,28.526130148984944,43,Graduate
11,7,3,7,14,0,32.98805706874016,13.285959606718851,27,Graduate
8,9,9,1,3,0,13.702689274870622,29.14427033213513,52,Dropout
7,4,7,2,1,1,7.0341987240279735,23.356174613714874,28,Dropout
7,6,2,14,1,1,24.652453493916457,17.144191219692836,23,Graduate
6,11,9,10,1,1,21.24442317332575,20.834031585591163,52,Graduate
2,11,13,1,9,0,3.2934115932751373,13.755435208004773,44,Dropout
7,3,9,13,12,0,19.065586305046285,36.02339630043796,29,Graduate
7,7,16,11,7,0,14.86518325932086,9.374410588652605,50,Graduate
6,8,14,4,0,1,7.794579146520508,14.51707611787425,42,Dropout
1,5,6,11,13,0,24.68703014959315,15.310449612205721,34,Graduate
9,4,7,0,6,0,13.456559235286804,2.6332286949704864,52,Dropout
4,10,4,6,8,0,3.7451346463333612,23.97989347539243,20,Graduate
2,8,9,9,8,1,10.607354438655467,27.550749840561103,41,Graduate
3,11,13,13,0,1,24.133870766123874,5.413632486147959,25,Graduate
10,10,9,5,1,1,30.615698907115597,14.373711894608006,48,Dropout
5,3,16,14,11,1,34.33156780276033,4.895481207290575,50,Graduate
8,4,12,0,3,0,13.273282159681013,36.25087805948586,41,Dropout
8,7,16,13,13,1,2.9889499041489964,2.397635560246063,41,Dropout
4,5,10,13,1,0,36.372000040610295,19.45992618978932,25,Graduate
4,8,5,12,12,1,36.71960735007949,25.140885641577853,31,Graduate
3,11,9,7,4,0,1.7072399625223422,28.181679638792833,44,Graduate
5,8,12,2,6,0,2.0265590038376313,15.633530620676929,19,Dropout
4,7,14,9,2,0,21.427563026158012,25.526236497478912,47,Graduate
1,10,12,10,10,1,24.52660550664429,23.162436982653727,35,Graduate
8,2,11,3,6,1,38.84717517815386,11.954935313268681,43,Dropout
9,11,11,11,0,0,28.483739671363637,13.640041957785929,52,Graduate
3,3,17,11,3,1,20.242926291450814,16.483889896026895,27,Graduate
1,11,9,4,1,1,0.2965722621698408,9.116556017047195,54,Dropout
7,1,4,6,5,1,4.244630342706501,7.877798035713037,26,Dropout
10,2,7,8,7,0,28.674851692574688,10.918744182510922,33,Graduate
8,7,7,3,8,0,24.18797217511182,33.37570715043132,20,Graduate
8,2,5,7,10,1,10.14629675672769,28.286511159597303,37,Graduate
11,3,12,12,14,0,30.15338689277653,10.71974188638098,21,Graduate
8,1,11,13,0,1,27.97456388662185,0.7146783533811307,25,Graduate
9,5,5,10,13,1,38.12411750120002,13.587309307838623,27,Graduate
6,10,16,4,7,0,7.774377068944247,22.910190652613007,40,Graduate
5,7,6,11,4,0,22.45209063864379,31.625707934230345,43,Graduate
10,2,9,7,1,1,19.294742572278917,9.51605856390417,21,Dropout
9,8,9,2,8,1,12.296299741395513,28.394581031991144,54,Dropout
11,4,8,4,7,0,18.82994342610564,23.157383054194813,39,Graduate
7,2,14,9,0,1,20.814970851221105,29.27384426856664,21,Dropout
4,7,12,4,2,1,14.160797928000331,23.842413373148624,22,Dropout
7,11,2,14,14,1,2.3117413533721187,11.759800327941846,39,Dropout
10,9,3,8,13,0,3.2040360258548573,33.51398063948989,31,Graduate
5,8,2,4,10,0,39.635991637106216,11.595756557249498,47,Graduate
7,1,16,11,10,1,2.4579589497813803,19.59141187491928,37,Graduate
9,9,4,12,2,0,14.105648796492783,31.650179971134826,31,Graduate
5,1,8,13,14,0,35.71143836996419,21.832819363942036,18,Graduate
5,10,9,12,1,1,11.602821683460176,32.46005167556206,32,Graduate
7,10,17,14,13,1,28.834791411310306,24.527030182841962,25,Graduate
7,9,11,8,6,1,29.28753905948995,35.14578750398292,44,Graduate
4,5,4,8,10,1,5.168551006662865,4.774996544626431,32,Dropout
10,4,4,11,5,1,19.371993772902407,11.594847757734911,32,Graduate
10,11,8,13,13,1,4.834685552728377,1.8261948436310194,43,Dropout
10,11,16,9,9,1,4.150704481509879,24.32551227597341,48,Graduate
6,11,13,10,8,0,3.3640968140554994,14.374394431851695,28,Dropout
9,7,14,6,9,1,34.34349061379017,30.32023799192062,45,Graduate
1,7,3,1,7,1,1.8236993674360313,26.20699857136585,40,Dropout
4,6,1,13,9,1,29.459993268888724,28.28531977325114,33,Graduate
5,11,17,10,12,1,30.88232511399093,39.169950209284686,32,Graduate
8,4,6,0,5,0,9.186638687275742,15.73019757281051,43,Dropout
1,10,9,5,10,1,1.32583330024441,7.343636047967044,49,Dropout
10,8,15,0,14,1,1.3137721345334397,1.16635209078777,47,Dropout
4,9,12,12,11,0,8.744701445492872,0.010115670982147051,40,Dropout
9,8,8,8,12,1,13.523346009152926,10.861351900624188,54,Graduate
10,9,3,8,3,0,3.097504650149796,9.25322349416156,20,Dropout
7,1,1,4,13,0,31.48882288413571,21.504776696455025,35,Graduate
5,3,9,11,13,0,6.999051761236439,32.2584658101892,50,Graduate
11,3,3,2,4,1,30.29912281156275,28.76834673559049,50,Dropout
9,8,4,1,12,1,36.803392789436515,36.22787265895175,49,Graduate
10,10,2,13,3,1,24.595977402373563,32.0763587490771,43,Graduate
2,2,11,11,0,1,6.650538640409653,19.001788632734833,29,Graduate
4,10,8,5,14,1,0.5602883059783981,37.95048967944174,51,Graduate
4,6,2,0,0,0,5.417069369162708,18.324180968700965,37,Dropout
8,11,10,8,3,0,13.64579800667932,13.651832909531002,17,Graduate
6,4,6,9,6,0,27.764317840469893,3.124735187865597,37,Graduate
1,6,6,8,6,1,12.1271944467845,7.1191177209500855,21,Dropout
8,6,12,5,3,0,29.32230508488334,8.926815733696337,43,Dropout
10,8,16,14,3,0,13.271104950641899,17.28118213364081,30,Graduate
7,5,4,7,5,0,26.941899708956235,19.246092593708838,31,Graduate
6,3,1,5,5,0,8.890577752743244,20.930064637224493,28,Dropout
3,4,17,2,13,1,23.122319501715257,18.019089391174074,25,Graduate
10,7,2,5,10,0,26.799623083899068,26.89249692538519,37,Graduate
7,3,10,6,5,0,11.098699307565791,27.036819860010198,23,Graduate
9,1,14,8,7,0,30.655440329089025,16.61418081109246,53,Graduate
3,2,13,8,7,0,4.180914276429579,2.4888630607207984,31,Dropout
9,11,13,2,8,0,32.502622439160994,24.344449303547833,32,Dropout
7,2,16,0,9,1,19.132302743674238,9.600949232108347,50,Dropout
4,1,17,0,9,1,9.950298791098856,16.384736988478238,22,Dropout
8,3,3,9,3,0,20.485084478840175,34.690098995044785,35,Graduate
10,6,9,5,11,0,35.17318078938265,0.19411545002700148,40,Graduate
8,2,5,1,3,1,7.377872883495269,2.556587533817365,32,Dropout
3,11,3,11,11,1,0.6335179879054653,19.332437604409595,50,Dropout
4,11,16,9,0,1,19.26432514162535,36.76954974435342,34,Dropout
1,5,17,8,8,0,1.3282584484212911,30.034523885694743,48,Graduate
4,3,15,13,2,1,22.473385556921738,25.729670580338837,38,Graduate
11,7,1,8,10,0,19.380541476136557,2.5985257568039932,44,Graduate
7,2,4,12,6,0,2.621983265372534,16.270017755020056,23,Dropout
2,10,6,11,2,1,24.73380093283803,29.45093081937236,22,Graduate
7,5,13,11,0,1,24.627741669950414,11.551226307235009,22,Graduate
11,3,10,6,2,1,39.571731807509295,37.75812650383985,47,Dropout
11,5,10,10,12,1,17.49435293821094,19.860928773302447,46,Graduate
11,7,15,12,13,1,11.448105890752242,28.750144833220574,41,Graduate
9,6,10,9,0,1,14.074361569813757,2.6405684110188288,28,Dropout
3,3,13,3,10,0,18.57189954434808,37.8567660458214,48,Graduate
7,6,6,6,8,1,12.696500656590256,31.913752719169306,50,Graduate
11,2,4,3,10,1,25.75084847735255,25.812737874449958,23,Graduate
1,3,11,12,1,1,21.931924355977685,1.596095180814343,47,Graduate
9,6,11,12,1,0,3.1443771585208813,39.79056234160148,47,Graduate
10,9,14,3,2,1,14.781785775288757,20.381790769105038,51,Dropout
7,5,8,14,11,0,30.616269934759334,17.177476667109836,26,Graduate
6,11,2,6,3,0,16.664159197093905,26.378511420140825,32,Dropout
4,6,11,14,7,0,16.689397859223153,21.769525947580483,39,Graduate
11,11,6,13,14,0,20.081628035452468,1.5315329853243886,52,Graduate
5,1,7,5,11,0,29.80179472889209,37.27321954919068,49,Graduate
4,3,5,3,5,0,17.60209721033371,38.56354530012136,47,Dropout
5,2,11,11,3,1,2.582818598719312,32.58746883825363,26,Graduate
4,7,2,10,6,1,14.447520126848715,27.371755602612602,26,Graduate
11,4,6,1,5,0,15.14372383099822,39.264746680401416,50,Dropout
1,8,15,11,0,0,21.62217355117377,36.16588491432581,40,Graduate
5,8,9,5,12,0,38.44843637520694,38.514486787605485,40,Graduate
10,10,15,9,3,0,18.99349414611828,21.862011552481043,32,Graduate
10,7,1,3,5,0,1.624512805129843,25.37529941154764,54,Dropout
2,8,8,2,4,0,18.285100801695407,5.745074589825827,33,Dropout
2,3,5,1,2,1,13.669024369671678,7.23165769558741,53,Dropout
11,1,2,0,10,0,33.32686127685018,30.545452084781942,38,Dropout
1,9,8,5,13,1,27.614636176519518,21.72969818135069,43,Graduate
4,3,1,8,7,1,4.982706471981797,36.77064351930878,46,Graduate
7,11,16,12,4,0,5.858109770748321,7.008003449536253,52,Dropout
3,2,15,8,5,1,14.701059305446567,18.614330656443542,43,Graduate
2,6,14,7,14,0,28.960949188323518,10.434634820816315,52,Graduate
11,10,9,8,12,1,38.95051360520097,11.062777565389874,20,Graduate
3,5,14,8,0,1,25.111503474310762,29.62503981465875,34,Dropout
2,6,4,1,5,0,16.059678389890465,18.71489091164181,39,Dropout
3,5,3,5,8,1,37.497837961053115,31.62164399260905,24,Graduate
1,10,8,11,4,1,16.038726119803272,28.22957485389155,27,Graduate
4,5,1,10,7,1,33.56358127523352,28.222577999161537,54,Graduate
2,9,14,5,10,0,11.383930025377618,22.14880029795647,21,Graduate
1,1,12,5,3,1,16.61564903620033,11.884706671352188,30,Dropout
11,9,4,6,13,0,18.790508775447062,6.57926623805595,25,Graduate
10,8,11,5,13,0,11.447585251165409,5.446392880543671,53,Dropout
3,1,1,8,8,1,20.4077900709555,33.689899737340326,19,Graduate
6,8,12,7,13,1,3.465859598320584,6.626179589004155,30,Dropout
4,11,10,12,7,1,35.43413267252255,39.31264814281444,39,Graduate
10,6,1,7,14,1,16.082085923648833,30.520789634862812,19,Graduate
8,1,10,10,13,1,14.674738993209635,18.084156893503604,31,Graduate
1,4,4,11,13,0,1.8236724521133274,13.020709913150185,20,Dropout
7,11,3,7,10,1,28.754982505012464,35.67804361693967,52,Graduate
6,4,15,3,0,1,0.5115533017216878,34.07223221218641,18,Dropout
3,7,3,7,12,0,0.6552200504326011,33.91675824980099,25,Graduate
2,1,12,14,13,1,33.71175837384831,12.464281813245277,48,Graduate
7,4,4,7,12,0,11.926870154196676,25.727025480072818,38,Graduate
4,11,11,7,12,0,26.355063469248385,3.0044677927447694,49,Graduate
10,2,14,8,1,1,35.36354840288765,12.00872770576451,23,Dropout
11,1,13,11,0,1,17.003919125164,9.689070626544133,41,Graduate
8,5,15,0,1,1,25.79475841197619,20.786316517408487,31,Dropout
11,4,6,9,0,0,38.28003602247864,28.97829618956946,34,Dropout
1,1,7,1,8,0,13.01262325680852,27.646796946809506,54,Dropout
7,8,4,5,10,0,37.050451997191686,17.456708001565083,44,Graduate
11,1,1,5,11,0,36.77678678309518,11.224390911525983,21,Graduate
9,5,15,13,3,0,35.47257813324316,18.894507245558163,42,Graduate
5,4,17,12,9,0,11.314160016300132,33.383740912393456,36,Graduate
8,3,16,8,12,1,13.212596517646226,28.44519263080612,22,Graduate
11,4,9,4,9,1,6.108512735935467,14.433801674100604,47,Graduate
4,6,16,10,3,0,13.880763245768515,7.076483946031691,50,Graduate
4,8,7,2,8,0,32.85066233266964,21.277434889322674,43,Dropout
5,10,6,3,12,0,6.826269854990068,23.221871629593515,34,Graduate
9,9,14,13,1,1,17.379178020442303,2.042320559139945,41,Dropout
11,5,11,14,4,0,26.604773831738182,4.104169199253014,22,Graduate
8,8,8,9,13,0,22.54292930304097,30.925773449947105,50,Graduate
11,3,1,3,7,1,14.232432373273385,17.254425863186142,21,Dropout
11,3,13,7,9,1,11.219310954800354,35.77004899730513,39,Graduate
10,2,15,2,11,0,31.758890982645784,19.015397583274503,44,Graduate
4,11,8,11,7,0,39.09322368079258,33.48756739967353,54,Graduate
4,2,10,6,12,1,20.83633889713476,3.284329763875773,31,Graduate
10,5,5,13,6,1,8.947050362348431,24.59554781087874,45,Graduate
4,9,16,12,14,0,22.131284073702552,34.57081716645973,21,Graduate
2,4,2,2,13,0,4.444237632990133,38.302601098633914,46,Graduate
4,11,12,9,12,0,29.09587624389056,30.094593938032116,32,Graduate
6,10,17,4,5,1,10.99403813246131,16.428490438334332,36,Dropout
10,7,2,3,3,1,8.706940831344347,4.988565141778145,43,Dropout
5,5,8,6,4,0,39.38972538720473,10.011770510491132,39,Dropout
2,2,3,0,12,0,10.811824068787367,19.612010999882333,28,Graduate
7,2,9,10,8,1,14.562449384130156,7.501908110959206,19,Graduate
1,9,7,6,7,1,16.702963992681816,11.738364502336282,36,Graduate
1,2,12,4,3,0,39.68684130619837,18.875572870814086,17,Dropout
6,3,12,8,7,1,9.67955009816647,12.069005605559973,22,Graduate
8,8,1,14,0,0,3.574447015856266,24.760034975697952,50,Graduate
10,10,6,7,7,0,23.263989865826037,26.97238481655863,41,Graduate
8,9,5,10,4,1,11.752015384050885,35.43571907449713,44,Graduate
1,7,15,2,1,1,35.38094782765758,6.972302740791605,38,Dropout
2,1,10,14,13,0,13.952777056155071,28.14746955385546,18,Graduate
4,1,2,9,0,0,6.172801755224868,28.318329881059018,30,Dropout
10,8,9,1,3,1,33.06297865481412,27.30815626807717,38,Dropout
3,4,12,6,13,0,37.4837263886038,24.27093389185119,23,Graduate
8,2,7,14,14,0,31.27651184298315,19.690309298220004,18,Graduate
11,4,15,12,5,1,36.21236688523949,5.009998667633648,32,Graduate
3,10,3,6,4,0,10.277910353869228,27.927329604072362,50,Dropout
4,7,10,12,9,1,1.7744013253518798,36.585694629173965,34,Graduate
7,3,15,0,5,0,23.48503528030193,24.77529718439132,40,Dropout
10,10,11,3,2,1,39.295610526222916,25.49921407195532,17,Dropout
6,1,11,0,5,0,34.31443597933278,15.236445730687969,53,Dropout
10,1,17,9,0,0,5.633296820123452,24.272736157694595,31,Dropout
9,3,1,5,2,1,22.977854737049537,21.03574115839089,33,Dropout
2,6,3,4,3,0,35.37272433823897,17.956447799252363,52,Dropout
7,1,15,13,14,0,35.87597818754128,35.62323666919304,43,Graduate
4,6,16,14,11,1,35.36591368096901,17.179826973525646,32,Graduate
8,7,5,4,7,0,15.380172962874642,10.717705287811942,39,Graduate
9,4,4,10,7,0,24.783843048709436,23.579829206902314,28,Graduate
10,8,16,0,13,1,2.37431009904848,25.246888516957483,27,Graduate
2,2,4,10,5,1,16.6423623607037,3.7279172834862795,47,Graduate
6,4,3,3,8,0,9.331236339617327,19.190746214452897,42,Graduate
10,1,16,0,9,1,23.75404583356577,12.433797026031002,24,Dropout
5,3,5,3,0,0,15.409536630905816,3.5431835114350907,24,Dropout
1,3,9,14,13,1,29.939019322802395,30.502319822272707,38,Graduate
10,10,10,6,13,1,27.418820988530527,3.0242807293867147,27,Graduate
10,8,11,14,2,0,28.376027921842187,19.637940519848645,25,Graduate
7,8,11,6,3,0,2.44861104617486,0.7524462833580747,27,Dropout
9,7,2,7,14,0,37.253751043275855,22.95851814822195,44,Graduate
6,11,16,7,12,1,19.833515784768633,24.38226478268453,21,Graduate
3,8,7,8,1,1,24.42752927460802,20.321850664685172,39,Dropout
9,1,13,5,1,0,28.856374107156547,30.257191202565323,38,Dropout
8,5,15,13,3,0,38.33584437624588,5.063459398372445,51,Graduate
11,3,8,3,10,1,28.685777174527463,38.61193025243752,52,Graduate
4,6,2,10,0,0,8.461154618240236,0.5498534924481513,44,Dropout
11,9,2,13,1,0,1.1340512125827251,3.928329550820946,52,Dropout
1,4,3,10,2,1,33.600110657062544,1.8800130940483806,54,Graduate
1,9,1,0,13,0,28.710300886510023,28.367307561508625,48,Graduate
5,4,2,7,11,0,2.5395936787983286,8.09344196973624,34,Dropout
8,5,14,12,6,1,24.123506866772036,11.462939731971575,19,Graduate
10,11,2,8,8,0,30.533823319454015,38.156971206627695,34,Graduate
10,2,13,3,4,1,10.563328918126915,17.66628396675157,25,Dropout
8,7,14,7,1,0,28.593837885372405,1.0667656390108204,24,Dropout
8,8,8,7,0,0,5.5380088018735885,26.952864516400766,23,Dropout
3,7,14,6,12,1,22.42766479188007,15.349992932586476,54,Graduate
2,6,4,13,11,1,39.634088903149035,14.978035875362682,34,Graduate
2,6,11,13,7,1,37.62817836257091,10.665059887229912,28,Graduate
3,5,16,2,0,0,0.35944604565159466,32.13689087970748,19,Dropout
3,9,12,12,10,1,6.747899150754297,30.531294774862236,33,Graduate
8,1,16,8,0,1,20.92988691393408,23.300878803183608,38,Dropout
10,11,17,12,3,0,20.89977371897551,25.710094117881383,18,Graduate
7,6,6,6,1,0,24.367354401735817,33.43275432407177,49,Dropout
7,1,10,7,4,0,34.640784480371394,11.21236566314991,51,Graduate
1,3,15,12,3,0,0.8017466538487783,23.517021023418373,47,Graduate
2,10,8,1,4,0,25.104781197891537,32.01411155511658,37,Dropout
3,8,1,2,3,1,37.979542247663225,23.68143223979109,38,Dropout
8,6,9,5,13,0,1.13790435313196,36.67836728219313,45,Graduate
7,10,12,4,0,1,8.100652713111023,37.804307142828726,39,Dropout
2,3,4,14,1,0,19.8746990865321,16.77438094197211,33,Graduate
6,3,10,4,3,0,1.4343117718679377,21.940197020216456,27,Dropout
1,6,3,13,10,0,12.994312473410194,9.995535649083905,27,Graduate
1,9,2,13,14,0,11.916063059189108,25.422198423099914,45,Graduate
11,6,13,1,8,1,10.463049667109141,34.57242350479604,43,Dropout
4,7,10,10,13,0,15.616034552299718,12.744118769864627,52,Graduate
8,2,7,9,7,0,28.950776696694543,34.695391190997015,42,Graduate
7,9,1,10,10,1,0.8203583659918001,10.724280878083977,27,Dropout
7,5,16,14,14,0,31.26967560397826,18.107159810023656,30,Graduate
5,5,7,5,2,0,31.089124452717442,0.7156165632348888,28,Dropout
2,6,10,1,4,1,1.828738977266866,24.7584376307646,29,Dropout
8,2,5,3,13,0,26.963343516361242,9.739027124650788,20,Graduate
10,3,9,5,14,1,0.033553299904913736,23.996695490147918,35,Graduate
4,2,8,6,8,0,6.723462817472372,18.306270782148644,27,Graduate
11,7,1,10,2,1,28.508896432630078,11.308908150681386,25,Graduate
11,6,14,13,4,0,3.029815782694807,16.464861412281454,41,Dropout
11,5,3,9,13,0,24.913170594647113,22.85081798770435,32,Graduate
5,10,9,1,1,1,19.515903737911927,8.26770937664811,28,Dropout
7,11,4,5,14,1,22.53487605016115,34.17122617998454,51,Graduate
3,10,5,9,7,1,33.87922319469842,34.285528546817325,42,Graduate
7,8,17,6,3,0,31.183546405055537,12.554472810592046,32,Dropout
4,7,1,4,12,0,6.524640381500464,28.966171664816002,30,Graduate
8,10,7,10,9,0,34.25829510408639,1.2944348141893336,52,Graduate
4,11,2,12,0,0,31.608849156081806,30.951660059778696,53,Graduate
11,11,7,10,2,0,27.85370467806181,14.53522349754337,25,Graduate
6,9,17,11,1,1,29.243042131701003,17.73913944735059,26,Graduate
5,1,13,5,11,0,16.68195375164806,38.7750377535619,33,Graduate
9,4,15,5,5,0,20.390766218600795,21.75549574100306,23,Dropout
7,3,11,6,10,1,16.096855432162748,17.377708099863305,24,Graduate
11,8,12,13,9,0,19.193398429433913,37.373857694832246,17,Graduate
7,9,5,3,0,1,30.217793394848126,34.819900321091836,46,Dropout
5,3,1,1,8,0,17.969436471333083,0.7643623394886045,42,Dropout
10,1,17,2,12,0,29.24578228810141,22.139197484526232,49,Graduate
7,5,10,0,3,1,5.709205396116541,10.050513230681876,20,Dropout
11,10,12,8,8,1,23.339136348245447,39.231545695294756,27,Graduate
4,4,7,13,13,1,24.12721322369109,31.258346868540727,45,Graduate
3,11,10,13,10,1,26.3098031044389,30.336794486931154,32,Graduate
2,5,10,9,8,1,31.8248791822255,22.011387712679152,40,Graduate
7,9,6,2,12,1,13.183189981829319,35.38240565148611,26,Graduate
7,7,4,0,8,0,23.96277184467791,20.304449425958065,53,Dropout
4,9,10,4,2,1,2.438937929952667,25.869836864853298,44,Dropout
6,9,4,3,13,0,36.642008635439254,0.511818235953565,27,Graduate
4,9,10,9,12,0,3.198150974583922,20.619471355870743,32,Graduate
4,8,14,4,6,0,12.708639249971192,31.996418236966228,18,Dropout
8,4,13,6,8,1,15.55068030846989,17.627257781338365,54,Graduate
6,2,10,7,10,0,31.916088565871977,7.830334253863946,29,Graduate
7,7,17,14,9,1,37.111322561291516,5.265222656516353,26,Graduate
10,3,5,12,0,1,29.943409299090128,16.36863939124314,29,Graduate
7,8,14,12,8,1,37.65268273816354,31.57067835720149,47,Graduate
11,8,5,11,12,1,36.20251276969726,25.365687003774454,40,Graduate
4,8,12,3,3,0,17.751615051754808,16.777922592803236,21,Dropout
3,9,13,10,12,1,21.458068836262694,29.424600629592028,35,Graduate
7,9,6,5,14,1,31.26815554069455,9.864232247649296,40,Graduate
9,6,8,14,12,0,13.550959356317183,23.046310035862092,24,Graduate
5,4,4,2,2,0,37.81226036489069,13.625073136670798,20,Dropout
3,10,16,3,11,1,28.11970233581996,35.58087949180265,43,Graduate
6,10,8,4,9,1,31.284653355521005,9.237720984906645,38,Graduate
2,3,9,5,4,0,8.364815538386669,15.324324387996802,36,Dropout
4,1,17,6,5,1,31.512959832493188,2.2735597097863103,36,Graduate
6,1,7,11,7,0,21.54819029894337,23.368617705939645,21,Graduate
7,3,13,6,3,0,39.165720461640056,37.119841034545686,19,Dropout
8,4,10,1,10,0,37.40925366215801,35.16468033465048,25,Graduate
5,5,17,0,3,0,15.257902820808479,5.735959144980791,43,Dropout
11,10,5,8,10,0,18.341477519378152,6.008908061222482,40,Graduate
4,11,12,1,11,1,20.129542748034133,39.20463059061159,21,Graduate
6,7,1,11,6,1,18.506942896028807,29.547833123108962,46,Graduate
4,5,13,11,7,0,20.96252416587845,22.773385461731202,40,Graduate
11,9,15,9,13,1,2.2447282216200426,28.529377487029937,20,Graduate
1,3,14,3,9,1,17.420951261034624,11.786127468503555,45,Graduate
1,9,7,12,13,1,19.963472777507377,3.4183733898832402,33,Graduate
11,10,3,10,8,1,27.61408285454552,8.630944396844118,22,Graduate
4,3,14,13,11,0,25.57369477409942,14.76481594917976,53,Graduate
11,6,9,11,9,0,6.595553472230717,25.376703994740843,53,Graduate
3,6,1,14,1,0,21.82608737597043,26.26141670867213,43,Graduate
10,10,7,10,1,1,6.425286606823497,39.422489113367654,38,Graduate
1,5,9,13,10,0,34.42236263933289,34.66963310463393,45,Graduate
10,6,12,8,9,1,36.59207976550357,18.487801271335357,49,Graduate
10,1,1,10,8,0,36.1604959614679,29.42696788237754,32,Graduate
11,10,16,11,12,0,2.131760317219835,2.437117743109063,19,Dropout
11,8,16,6,0,0,12.56242543634853,1.7307663158241215,45,Dropout
6,10,14,0,13,1,16.361255137397016,17.43908403564117,36,Graduate
2,10,2,4,12,1,25.74960676333516,28.340075900874044,49,Graduate
4,7,1,11,6,1,2.6515079262568886,35.40342455437433,27,Graduate
2,6,2,2,3,0,14.92877075640525,12.02010749889955,29,Dropout
10,9,3,7,9,0,3.029763279038735,4.989127014397994,28,Dropout
2,2,13,5,12,0,16.004365957833386,25.83197531576498,19,Graduate
10,7,3,10,1,0,9.614181246709087,6.353999013233,20,Dropout
11,7,6,12,13,1,18.08889879731407,38.35229533242333,42,Graduate
6,4,17,0,14,0,20.495261877246357,32.551923943254174,33,Graduate
6,5,16,6,3,1,9.721764063607448,2.483695135289845,38,Dropout
6,8,10,0,9,1,14.069147281526316,21.745903066381665,18,Dropout
3,10,10,8,6,0,8.831458836112432,5.434952839368088,23,Dropout
11,7,13,7,8,1,9.733570168404926,33.183261706096786,34,Graduate
11,7,16,0,6,0,26.25849282669499,10.796862117089137,18,Dropout
6,6,7,0,4,1,7.141294540354077,15.932836716670531,34,Dropout
2,9,13,1,10,0,38.747720582821046,26.114799696697144,44,Graduate
2,11,7,5,14,0,1.7181688927665872,10.165885623213772,18,Dropout
11,7,7,12,8,1,25.21911577531646,19.74959269357084,53,Graduate
8,7,5,3,5,0,8.656802967769428,16.66552746036521,52,Dropout
7,1,13,12,9,1,3.490016514640457,34.22216851444694,51,Graduate
3,8,14,8,7,1,33.55488068708535,35.43535067373749,54,Graduate
2,9,5,11,14,0,12.751639399893357,35.04979692804667,38,Graduate
5,3,8,12,0,1,17.519583916094707,29.96705901794865,44,Graduate
11,9,1,3,10,1,13.699569492076002,25.331125766659717,28,Graduate
5,1,4,11,13,0,38.83592512064056,36.21909747658966,41,Graduate
2,2,5,9,10,1,4.6514215207057585,3.0321183459213907,38,Dropout
2,5,5,6,2,0,21.479286676861125,19.23281827676402,30,Dropout
8,1,15,3,6,0,34.77073557957501,37.442690218870894,29,Dropout
9,8,10,6,14,0,26.419751544518736,22.2611237022658,43,Graduate
1,9,5,9,14,1,6.809171369493097,19.29347193193582,46,Graduate
8,10,3,4,13,0,8.76407006710882,37.129870622908115,23,Graduate
2,6,4,11,6,0,16.92468281032562,21.835993315590688,50,Graduate
2,2,9,1,11,1,29.56089392378853,31.887239208865907,31,Graduate
11,9,16,4,11,1,5.285717893593502,25.431619912196084,31,Graduate
11,8,11,0,2,0,6.044631362549522,22.49536098260162,25,Dropout
7,11,9,5,4,1,16.425754059410362,36.58341164940562,36,Dropout
5,10,5,13,3,1,0.585827333617539,27.75518180741479,29,Graduate
5,3,17,12,11,1,33.59128964815065,16.460651664653575,46,Graduate
8,4,15,0,5,1,2.768229684184007,38.323889587520576,46,Dropout
4,10,3,7,0,0,23.84725020937781,11.075974361086809,31,Dropout
9,3,14,9,2,1,9.031584448097343,28.41971676572703,54,Graduate
4,1,1,4,1,0,37.75635251342534,29.451072403926716,41,Dropout
5,5,5,7,2,1,19.986482108059636,32.7774502633889,23,Dropout
7,4,17,9,3,1,5.543779441542123,4.244686813003251,38,Dropout
1,4,17,13,5,1,34.709564873248894,21.701536066779784,26,Graduate
5,3,12,7,3,0,15.765569865727986,23.402751712739153,45,Dropout
4,2,5,8,14,0,29.980526425555883,27.00410512875131,34,Graduate
5,9,8,10,0,0,20.774728825749804,11.56794446517274,19,Dropout
9,9,6,9,3,1,8.654427897563464,4.746541105580415,25,Dropout
11,4,12,14,2,0,8.576395174429354,8.856120606547279,24,Dropout
1,4,7,6,11,0,8.458636535903823,16.866011337841826,37,Graduate
5,2,15,7,14,1,7.301527640199588,17.941716038620704,46,Graduate
1,6,3,1,3,0,12.791157979511617,10.858386353454703,38,Dropout
9,3,11,0,4,1,5.712838044908937,36.50563526252532,20,Dropout
11,6,4,7,6,1,34.074085985062496,3.8423919086602787,24,Graduate
3,7,13,1,9,0,28.066145299128383,23.71178064534176,25,Dropout
5,4,7,3,9,0,19.588978313094962,20.577922089185805,19,Graduate
7,7,17,5,0,0,22.617682499896127,30.418598546144622,24,Dropout
2,10,12,1,13,0,15.271317134422532,31.14254658407488,42,Graduate
1,11,2,8,6,1,28.67857632605755,16.8988290685485,26,Graduate
9,6,17,0,2,1,27.416962012780335,23.149578402511576,40,Dropout
2,5,9,14,2,0,37.853516117994154,30.74390580270489,43,Graduate
10,6,5,14,8,0,4.963090367670042,10.841912200786075,27,Dropout
5,8,12,4,1,0,6.729841096830098,19.26859775995167,29,Dropout
6,1,2,13,0,0,5.658360484310179,24.633638581199243,41,Graduate
9,7,15,5,13,0,16.51324363903285,8.143942411697886,54,Graduate
11,11,5,9,8,1,22.537971144860588,2.285245590937559,35,Graduate
10,4,6,5,12,0,24.11581046562869,27.860648874259496,50,Graduate
9,4,6,9,11,1,27.74429149266297,12.876159270917483,30,Graduate
9,5,9,6,9,1,33.874673655406966,26.062485896419187,42,Graduate
6,8,4,3,1,1,34.80170803053932,6.074641309153148,37,Dropout
8,4,5,1,3,0,39.12459195643875,19.144312655008036,23,Dropout
8,5,8,12,10,0,0.2705095662192658,26.095997995624124,34,Graduate
10,9,3,11,0,0,33.187229304447726,14.615046580091722,53,Graduate
4,2,8,9,9,1,8.960186276585024,27.335528724066233,37,Graduate
4,9,5,4,5,0,27.746634103137925,20.3107839677886,39,Dropout
8,1,17,14,7,0,6.533014735090754,13.921702777403464,39,Graduate
2,11,17,2,7,0,28.387996801968068,33.132675414011764,24,Dropout
4,8,17,12,1,0,27.158290765384976,12.373179394485451,51,Graduate
6,1,3,5,9,1,23.41622762425343,19.219384669576158,26,Graduate
9,11,11,0,10,0,1.4687475259055027,35.99521240381722,53,Dropout
11,4,15,12,3,1,32.629916286984944,7.006620541216821,30,Graduate
10,6,2,12,11,1,19.753781176223704,34.45584879614425,49,Graduate
2,7,5,12,5,1,27.86358416971361,3.983011608404019,18,Graduate
10,3,1,10,6,1,24.567339185704128,22.649913996168006,53,Graduate
2,9,15,7,9,0,25.01990140375122,13.497094227657026,41,Graduate
3,4,12,14,9,0,17.72096594076158,8.891028175976686,46,Graduate
10,2,8,2,6,0,4.676380691469619,34.15772033877147,28,Dropout
6,10,17,9,4,0,32.50166421638521,21.810366449247063,50,Graduate
8,6,2,14,1,0,15.890317476553601,33.95939396704095,43,Graduate
9,4,3,14,14,1,0.5335701670740889,19.50780200692476,46,Graduate
6,8,17,2,10,0,1.7053502126610853,6.974464863889351,34,Dropout
6,3,6,13,13,0,21.27209455476935,8.263131840575827,42,Graduate
3,4,5,5,4,1,35.826252144212106,23.71327321351047,42,Dropout
7,10,3,2,0,0,28.10237886598868,21.03213022898606,50,Dropout
5,10,16,8,6,0,14.91964677629429,33.20994115263791,17,Graduate
11,8,12,4,2,1,10.218219934113804,26.48155912852911,18,Dropout
5,5,12,12,13,1,10.671631802730124,15.009364268957551,21,Graduate
10,3,13,9,1,1,1.1390839631005933,33.47462625327519,23,Dropout
10,10,14,6,14,0,37.03759419112949,26.162128306983643,30,Graduate
6,8,11,12,14,0,10.30364413023404,22.68289588134379,22,Graduate
6,11,6,8,3,0,14.394506344161053,16.537539486762203,34,Graduate
11,6,13,12,2,0,17.696466666956738,21.09738410365202,44,Graduate
8,7,14,3,14,0,33.76141780744598,37.624232396790134,21,Graduate
5,9,13,11,11,1,5.147232765036671,27.16364982889894,43,Graduate
8,3,13,14,6,1,18.200225625792044,22.627408103321503,20,Graduate
8,9,9,2,7,0,14.11276379773958,29.909421909113142,33,Dropout
4,4,3,0,14,0,28.278475687001276,32.45772875036868,52,Graduate
10,5,2,9,5,1,29.39625712948174,30.7381539557071,32,Graduate
8,9,6,10,8,1,19.932747980551973,39.139007772098864,25,Graduate
2,7,2,2,14,0,31.81719679088841,17.536659240658842,52,Graduate
3,4,10,7,4,0,14.905667352366105,25.9055324713023,33,Graduate
6,9,15,4,2,0,22.134820701660814,22.29248537688282,35,Dropout
1,5,12,8,4,0,12.473020640337946,34.92701043563232,51,Graduate
3,1,15,11,10,0,1.9233154495948668,33.37582237423807,29,Graduate
2,4,6,7,8,0,15.381369807464704,2.617537558823697,29,Dropout
3,2,15,11,3,0,39.47779899184507,39.0779985407472,54,Graduate
1,4,14,13,12,0,6.292402297731607,24.164897436811277,38,Graduate
2,8,12,7,13,1,14.795216210921751,37.85456925125596,19,Graduate
7,9,3,0,1,1,22.948574441229713,16.094026734150603,28,Dropout
3,5,11,3,1,0,12.083595449756213,34.019727997313545,44,Dropout
8,8,6,0,3,0,20.35050988184548,3.5442541233342784,39,Dropout
4,9,14,8,10,0,32.813032026437384,26.90900620607492,51,Graduate
7,4,11,8,8,0,20.372183548794702,18.947632047064992,42,Graduate
1,7,8,13,13,1,25.55014835972618,28.934132085249963,30,Graduate
4,11,10,0,14,1,36.01681955715321,4.975801467736205,32,Graduate
10,11,7,9,6,0,17.357114116614095,9.032433564985771,23,Graduate
9,10,11,10,12,0,39.212513098554226,29.59848725901017,38,Graduate
9,10,16,7,10,1,10.214706455580519,23.309160575773898,53,Graduate
5,2,3,10,4,1,22.897895200687927,1.644533024226753,30,Graduate
7,7,8,10,14,1,20.88867262243932,2.393174591578382,32,Graduate
10,7,13,14,10,0,37.03472403109082,36.55777313584873,44,Graduate
7,7,15,1,11,1,38.22462645548982,16.64985080513236,43,Graduate
9,6,8,0,1,1,27.576399448278632,21.565930812433358,40,Dropout
5,3,8,4,6,0,22.621004327539687,34.45136143957158,54,Dropout
3,4,15,6,7,0,34.40980263466745,26.925309981243824,43,Graduate
5,7,1,12,2,0,13.04941990419489,37.099186000995495,20,Graduate
11,1,4,0,4,1,31.458108837655857,16.30028622830411,34,Dropout
1,10,17,9,14,0,13.550815545291002,30.129251411007758,51,Graduate
3,6,12,12,7,1,34.38372614782474,20.59524574200056,40,Graduate
8,8,11,0,10,0,1.2470361876146674,32.310078424033925,31,Dropout
6,3,4,12,4,1,38.14507212049436,30.345801187616036,17,Graduate
5,10,9,12,3,1,33.16975097008546,4.156964023268732,45,Graduate
7,7,9,0,5,1,11.099733851257746,7.714638105017251,52,Dropout
4,5,14,5,0,0,23.631611848608717,14.966027102342156,30,Dropout
11,1,6,0,12,0,14.586093166122861,19.364901103772553,33,Graduate
1,5,5,8,5,1,31.091531655238633,5.055812087039682,53,Graduate
10,11,14,3,9,1,12.607643926819904,18.3224933781271,17,Graduate
9,5,6,6,9,1,8.80489567500602,38.731244546996436,53,Graduate
6,4,17,10,4,1,36.12402666335262,11.075434991094602,44,Graduate
4,3,7,9,0,0,30.62914612399769,20.099701768281125,27,Dropout
2,7,2,14,9,0,2.8652645580777536,21.590315779101875,34,Graduate
11,3,10,13,10,1,14.01990543424684,13.128282118448912,32,Graduate
8,4,15,0,2,0,19.075193938044762,28.936092922174005,40,Dropout
1,9,8,4,2,0,11.978986198734937,31.712794301309245,19,Dropout
4,1,10,11,4,0,0.6011248462029739,21.459398628332195,45,Graduate
7,2,2,0,14,0,34.069112869392114,0.21995750089632615,21,Graduate
7,11,1,10,11,0,21.236213302655234,11.34846705373294,52,Graduate
11,3,5,12,12,1,16.66415524763151,37.831612767049606,22,Graduate
2,4,17,3,11,1,31.43918762015455,31.456802165758553,50,Graduate
11,5,11,7,7,0,2.384145083804583,25.686805065695474,30,Graduate
5,7,9,8,0,0,24.832419939883618,10.093049892900243,33,Dropout
5,8,4,6,14,1,20.645846952364785,16.476997565165064,40,Graduate
6,9,7,14,4,0,9.301537570959756,37.07345965990105,35,Graduate
5,1,10,0,13,1,15.289997982519633,20.44876802828586,35,Graduate
1,11,6,4,12,0,0.12961210700700665,22.360264495743927,36,Graduate
9,7,6,0,11,0,12.128432949414115,3.2191234939943003,28,Dropout
7,6,10,9,6,1,27.18730547165331,0.23743635426513698,54,Graduate
4,2,8,12,14,0,6.696637399923282,6.700686310445789,27,Dropout
1,1,13,3,1,0,3.350461332769976,8.906597085743151,47,Dropout
5,1,15,9,11,1,18.03428936038417,14.358664492143895,52,Graduate
7,2,10,13,13,0,27.550048023745425,20.7471003443724,40,Graduate
5,5,1,6,1,0,33.66716701915412,22.122424933996992,40,Dropout
10,6,17,1,2,1,34.59666988945956,9.408269016547726,52,Dropout
10,5,2,0,2,1,12.689859399115285,8.511445394766262,29,Dropout
7,10,9,4,1,0,35.78021745279247,9.01859376791608,53,Dropout
4,4,16,13,11,0,31.4684007988259,28.07953761895139,49,Graduate
8,1,17,13,12,0,10.379273274445024,1.863465163136384,43,Dropout
8,11,3,10,12,0,14.241743861472852,29.376549930385607,25,Graduate
2,1,4,7,7,1,32.253882995336745,26.88317940574807,20,Graduate
7,9,10,12,11,0,16.379711193668292,30.721893120970414,47,Graduate
10,7,9,3,14,1,12.29117399573279,31.16217965275895,27,Graduate
11,4,13,11,13,0,24.538133616800316,28.586515157579214,23,Graduate
6,4,10,1,9,1,32.748506506810905,11.664243248009436,20,Dropout
6,9,11,3,1,1,38.40615789563007,15.878444744064275,47,Dropout
10,9,4,14,6,1,35.50755658493847,21.896499349422594,33,Graduate
6,1,9,4,0,1,39.197637723770214,0.8982109826088047,53,Dropout
9,10,14,8,10,1,27.783836932614136,13.825552612553395,40,Graduate
5,2,6,12,4,1,33.39922843053654,20.49029856856402,34,Graduate
4,1,2,8,9,0,9.72636052398611,34.50650230839118,28,Graduate
2,11,17,8,0,0,9.821148552583958,20.749332943193068,45,Dropout
3,2,8,2,7,0,38.52354591580413,29.433918817355007,32,Dropout
1,8,5,11,9,0,22.370242948873845,35.234211234589516,48,Graduate
4,10,12,7,2,1,8.773954087359117,20.467528645661808,32,Dropout
3,9,13,10,3,1,21.87370397027793,17.50657212080331,33,Graduate
3,2,10,9,10,0,37.08453456451582,4.967501598985189,40,Graduate
10,10,7,0,7,0,35.265470906750856,18.356915551021853,53,Dropout
7,2,7,6,6,1,30.306332058283708,23.187575965447664,26,Graduate
4,6,10,11,6,1,8.917094895577726,15.52402820158154,44,Graduate
2,6,2,13,7,1,3.17751021486401,20.664795601072484,29,Graduate
3,1,14,4,1,1,11.912420002121639,26.42284046440594,53,Dropout
9,7,13,10,9,0,5.340941699429029,35.692851927609425,44,Graduate
9,10,16,2,5,0,0.715933263686086,26.100742224001582,19,Dropout
2,5,10,4,8,1,33.84670012435251,22.23284049834788,30,Graduate
9,3,7,0,0,1,30.053585805634633,14.037395667727948,36,Dropout
3,6,12,13,6,1,23.151047542864465,11.243462431681452,34,Graduate
10,1,8,9,10,0,22.33325257624297,31.525077482073325,26,Graduate
3,4,2,2,11,1,3.726451577132739,34.513885431265834,29,Graduate
1,5,5,7,6,0,37.510070347682756,21.563493013263187,36,Graduate
2,10,16,4,4,0,9.150406342445137,0.5992247674692974,37,Dropout
5,1,12,9,2,0,35.76146686880177,30.988553283919693,48,Graduate
11,5,7,11,6,1,11.766241616564134,25.27396772274956,26,Graduate
8,8,13,5,10,0,35.205545937350124,28.12557833409718,23,Graduate
10,6,3,0,7,1,9.008962112915126,29.774569621201877,27,Dropout
8,5,8,14,2,0,7.195222503238337,18.766373122907723,25,Graduate
9,4,8,13,4,1,24.968613148759644,13.836572411064871,40,Graduate
8,1,14,5,9,1,36.97046123445722,14.81301696530014,38,Graduate
2,4,11,4,7,1,19.039398061717343,23.05745202828295,35,Graduate
9,5,15,2,0,0,33.13913585574042,26.05996173387979,49,Dropout
10,3,3,8,9,0,21.789699639284326,23.079035039054723,26,Graduate
1,4,3,12,3,1,14.103105517738136,2.4832804015581855,53,Dropout
2,9,13,9,10,1,2.6171669654688934,2.463331041507306,35,Dropout
9,11,12,0,14,1,19.395729554786392,36.24206214685165,52,Graduate
8,11,10,4,14,0,32.42001108778481,9.159069969784014,51,Graduate
2,2,6,1,4,0,22.12880229044268,11.607625483986336,52,Dropout
4,11,12,3,11,1,35.38460078871333,37.37992019408829,17,Graduate
3,11,3,11,14,0,15.960956286045644,18.73640625130317,18,Graduate
8,7,3,3,5,1,2.5683653619261593,9.200515780502489,54,Dropout
4,6,3,13,6,1,0.8904451409266168,8.20445707415736,42,Dropout
3,8,5,11,14,1,31.901925445483847,3.594662385923977,23,Graduate
1,6,10,10,4,0,6.8723754521504965,16.13588928256915,50,Graduate
1,4,2,8,7,0,3.570000886764677,28.707591990887234,38,Graduate
10,8,6,3,8,1,18.373048148657173,25.82325615743145,17,Graduate
1,2,12,8,6,1,15.193819159446944,11.568236771215012,31,Graduate
5,4,9,13,10,0,9.596611903538776,3.7624935672731885,29,Dropout
11,3,14,12,12,1,1.7980166812676668,11.569513683598785,30,Dropout
2,9,10,14,13,0,10.256123354884835,32.761144684426846,50,Graduate
3,9,14,1,8,0,10.16854324523274,38.17717990780695,39,Dropout
8,6,12,8,4,1,12.012893708866503,11.27612404984549,52,Graduate
4,9,15,8,9,0,21.133090666839102,32.54869414916156,53,Graduate
3,1,1,13,10,1,5.105297393279793,20.116943295269984,26,Graduate
1,11,2,8,2,0,2.6372826076389,32.36318568284603,39,Dropout
1,9,6,4,6,0,10.036966167701205,28.35965675482468,35,Dropout
1,11,6,13,1,1,15.020408243890518,33.95149037723664,41,Graduate
10,6,14,4,1,0,6.328591923731408,31.503696495589253,43,Dropout
7,9,12,10,1,0,18.574160895330444,19.92877301251614,44,Graduate
2,10,7,2,9,1,30.43523760545185,3.3864458021110444,20,Graduate
3,8,1,12,5,0,0.38206386318778485,26.76883412044413,25,Graduate
3,9,15,4,10,0,25.37891345262658,17.769547768048465,29,Graduate
7,3,13,4,11,0,25.34934218462489,35.81201164355232,33,Graduate
6,6,10,12,1,1,28.020598380066506,17.386636738623874,54,Graduate
8,3,6,13,14,1,3.8583495977682913,35.35862921866248,51,Graduate
8,3,6,2,3,0,6.83601263927478,35.04091653453677,20,Dropout
8,5,8,5,13,0,32.86433154223489,14.515246259180469,29,Graduate
1,10,8,7,1,0,18.39730389073752,22.180819571459477,39,Dropout
8,3,3,0,3,1,12.832950517693252,29.055973349728205,28,Dropout
9,9,13,0,11,1,35.30791215468503,10.410261257954181,39,Graduate
11,8,12,7,0,1,17.53841706021872,19.58431552589294,24,Dropout
4,6,2,7,8,0,19.07287853525051,11.563486775374106,41,Graduate
6,9,5,13,14,1,26.909004411903226,15.006022601830832,52,Graduate
9,10,6,7,4,0,35.41419943363641,12.34826985306305,17,Graduate
7,7,7,3,11,0,33.409464139258866,34.40923683629336,48,Graduate
7,6,5,7,4,0,2.5238434888226635,10.131371694425738,25,Dropout
4,5,6,2,4,0,19.428221090792157,39.21237201415159,33,Dropout
11,10,16,9,3,1,9.88026111296132,32.882270871782026,39,Graduate
3,11,10,0,1,0,8.187833838685847,14.808939020027045,32,Dropout
8,1,15,5,11,0,11.266288737464563,25.596398339116774,53,Graduate
1,11,5,0,8,0,27.262838412120956,35.25914083589476,22,Dropout
6,10,14,1,13,0,27.87885634225198,6.217016220309874,50,Graduate
1,6,14,3,0,1,8.744125818793872,17.096489396844518,35,Dropout
9,7,14,9,13,1,6.470751767397465,35.624133685989634,46,Graduate
4,2,2,12,8,0,35.01077819451494,0.8094040188708895,25,Graduate
2,7,3,6,5,1,8.821125918311612,30.59411465499286,53,Graduate
2,4,16,14,5,0,16.29948960840434,36.76751052011936,28,Graduate
4,3,16,2,6,0,5.415462864342966,26.83940893799282,50,Dropout
5,10,7,11,11,0,14.25512503079485,19.245212786480124,19,Graduate
3,8,2,10,4,1,24.305308774706567,23.054837458372877,44,Graduate
3,5,16,12,11,0,7.0783195282723055,12.597625008115063,28,Dropout
1,8,11,13,4,0,35.72841197857223,21.018549299400892,40,Graduate
4,2,17,4,9,1,8.665199087997312,5.523825882272386,19,Dropout
7,10,3,2,11,1,24.08793730525749,24.312335428606666,49,Graduate
1,11,4,9,0,0,13.516724019230736,35.326028790337276,39,Dropout
5,1,15,9,9,0,13.71007042674612,30.97946188062314,42,Graduate
6,2,12,0,14,1,7.2543880191974885,36.60349783297355,19,Graduate
5,10,11,14,3,0,25.232139159428307,33.70958154851808,30,Graduate
1,11,16,3,14,0,26.207970729702488,8.064280762765094,32,Graduate
5,11,3,12,8,0,1.8315293171381075,27.573783848344284,35,Graduate
3,11,3,10,10,0,34.83731537765971,17.90373069788177,41,Graduate
5,2,11,1,0,1,37.55255861226988,37.48313202566752,18,Dropout
6,5,11,13,4,0,3.991022506978905,33.169531591836915,34,Graduate
2,2,17,8,2,0,28.121218781153207,22.321551661620454,53,Dropout
8,10,2,13,3,0,2.9054824323448214,14.433796518128158,32,Dropout
7,4,15,11,12,1,15.568674144083907,19.618215990012224,18,Graduate
2,3,16,0,7,0,29.525269910414544,9.054947738588336,38,Dropout
8,7,10,8,8,1,8.442696014974672,27.484871815155177,35,Graduate
3,3,7,10,3,0,21.144465563000225,11.44023751365252,19,Graduate
7,6,1,7,3,0,21.189001373661608,32.983380235277195,26,Dropout
4,6,16,5,12,0,1.048012349033165,18.190383254756007,20,Dropout
5,8,2,4,9,0,24.361330347126543,12.715800649474666,31,Graduate
4,3,9,14,4,1,9.824377054947568,21.0018258386506,30,Graduate
3,2,12,8,2,0,10.294186028295655,18.97242280513007,23,Dropout
6,6,16,8,14,0,27.75357533859473,2.020419147717405,40,Graduate
9,9,6,12,6,1,34.6291236552264,17.68084927439187,43,Graduate
10,8,4,4,6,1,36.113977581352,19.56770465839574,21,Dropout
10,5,5,9,4,0,32.57948603945005,9.49282385432606,43,Graduate
5,3,14,10,7,0,14.409253282724999,22.199407889838927,48,Graduate
1,10,2,13,9,1,24.51321139076798,20.380888381786548,33,Graduate
1,4,14,0,1,0,30.057097504226583,20.16437241652412,42,Dropout
8,11,7,13,1,1,8.29729615949951,11.353785493470149,51,Dropout
3,11,13,0,10,1,5.7377136185217426,13.198950885241839,29,Dropout
2,5,8,8,13,0,35.641047593724736,5.789719442462697,25,Graduate
1,1,2,8,8,1,27.049318736168537,32.75929239031236,17,Graduate
2,3,17,13,13,1,22.91968671676319,26.495521857199975,40,Graduate
2,4,8,2,6,1,12.629220857352358,31.650848376660363,43,Dropout
5,9,4,7,4,1,36.421012754792706,11.104185488305687,52,Graduate
9,4,8,0,1,1,38.98374415850347,31.125934427826127,36,Dropout
2,8,11,8,11,0,28.744363862876185,25.7165254310037,53,Graduate
9,10,16,0,4,1,9.234380082094171,12.370972970689982,19,Dropout
2,4,16,10,12,0,34.12808520812992,4.851528185487073,38,Graduate
10,4,7,12,1,1,10.74438802659662,8.884880260151267,29,Dropout
3,3,7,4,9,0,8.608330073704508,16.043406646807984,34,Graduate
1,5,15,4,0,0,12.517277946802876,0.22016506043930129,24,Dropout
6,3,7,1,10,1,26.11879198068759,9.10545954829361,23,Graduate
7,6,17,4,1,0,9.70019485171175,11.350089802997445,17,Dropout
2,10,4,13,1,0,30.40199837058438,37.12455963150388,30,Graduate
5,3,6,12,12,0,22.10712684824291,37.30800290940207,53,Graduate
6,10,16,1,8,1,24.18586709920609,19.68449357869719,21,Dropout
8,2,1,9,13,1,5.872914826153517,10.921326453906644,38,Dropout
2,1,4,8,5,1,14.069562545880704,39.433460380838184,36,Graduate
4,1,6,14,3,1,12.175776586535276,16.234597698375413,17,Graduate
8,5,8,6,13,1,0.517859023375018,12.127356282336379,34,Dropout
10,9,17,12,5,1,31.485872238787277,34.22980893063477,33,Graduate
7,4,4,0,4,1,19.89398415748582,7.023323758873774,19,Dropout
4,3,12,10,1,0,25.00320124852528,25.849088131528198,49,Graduate
5,8,10,11,7,0,0.9851860012683789,35.53079768615811,53,Graduate
10,10,4,3,4,1,28.07681916069113,28.44127556582017,38,Dropout
6,4,17,8,2,1,29.132656406835604,20.609186879072816,33,Dropout
2,2,1,6,3,0,28.2211066985367,19.711669762075648,35,Dropout
8,9,16,3,1,0,19.303986529339753,29.58942756508295,44,Dropout
11,1,11,6,13,0,30.0427397084982,5.173792415924505,39,Graduate
8,1,12,0,2,0,37.56405055553162,36.69529795105014,28,Dropout
8,10,15,12,4,0,28.652012486964576,11.29623214090062,17,Graduate
9,5,6,1,0,1,31.156958011638466,20.469990219649468,26,Dropout
3,10,6,3,3,0,27.59396117174305,36.5179492528608,43,Dropout
1,11,11,3,10,0,28.99422340914956,23.08461056295446,52,Graduate
11,1,5,14,5,1,34.63389022259524,24.12572441398187,22,Graduate
11,3,1,8,1,0,21.39922318483331,34.7381633329282,28,Dropout
6,11,13,9,12,1,26.779739549126397,2.0242141485405263,39,Graduate
2,11,1,7,12,0,24.511886141156868,28.575773279023174,46,Graduate
11,6,2,8,6,0,8.916673485388301,21.475892735918585,42,Graduate
1,5,13,13,14,1,21.36622276264443,15.60232925742901,30,Graduate
3,11,11,5,1,1,30.065964973814626,3.0611970085978157,52,Dropout
1,2,3,4,3,1,0.9002372584895202,32.78412457127394,24,Dropout
11,8,2,9,4,0,37.03538399811818,6.0962433724740395,36,Graduate
6,6,10,2,8,1,29.522490380873954,10.726834407890923,43,Dropout
11,11,5,8,0,0,4.663256565595022,1.0517940895030264,52,Dropout
1,4,9,8,3,1,37.82165403897728,13.459484105489423,49,Graduate
11,3,15,10,5,0,26.409150085258418,26.65358462801982,51,Graduate
8,8,2,10,4,0,0.10120608669778708,31.911153453563887,21,Graduate
11,5,3,5,5,1,1.2165231753577377,33.430607310082266,32,Dropout
9,4,3,5,12,0,17.364591176953795,29.137303051765286,32,Graduate
5,1,10,10,14,1,12.59825291480157,15.199104949814197,42,Graduate
2,8,16,1,7,1,18.277714399503434,3.8062243790132078,18,Dropout
6,4,17,12,0,1,27.623626016812896,23.388368557165155,34,Graduate
7,1,14,13,0,0,39.5714060373186,12.822913259403204,47,Graduate
8,1,16,2,7,0,24.201702417221128,24.45628717647098,46,Dropout
5,2,6,7,12,0,8.446023477505342,24.47383422814985,30,Graduate
8,10,6,7,10,1,13.294253896144026,16.440413530978496,40,Graduate
9,3,11,8,10,1,14.63731195523193,6.715082436646149,18,Graduate
8,3,2,7,1,0,10.748575644357654,15.259451490275762,35,Dropout
9,3,15,1,4,0,27.430978295469455,20.721720763462464,54,Dropout
4,10,10,10,11,0,26.10446497150828,0.7254007003854257,51,Graduate
1,4,10,14,13,0,19.222839844552652,9.644952565039526,17,Graduate
9,2,14,12,4,0,12.92602110157144,30.808585434132915,33,Graduate
4,11,12,5,7,1,12.642513613794097,16.923807210572235,53,Graduate
1,5,5,14,12,0,9.004327698590163,20.450096830438653,46,Graduate
4,6,6,13,2,1,3.8107684549345366,5.018155318936066,22,Dropout
9,4,8,13,7,1,3.409486493815801,15.207216361944752,29,Dropout
1,4,6,1,6,0,38.87397136737257,7.362644462501184,53,Dropout
5,2,16,3,6,0,7.973681854915249,2.2685618838024,44,Dropout
3,5,17,7,8,1,35.28087654698498,36.23266595383336,27,Graduate
9,6,16,10,4,0,29.322937374243804,11.55924573912416,52,Graduate
8,5,5,8,1,0,1.677979574146038,39.18278222018695,35,Dropout
9,2,17,0,14,1,38.34104736780609,3.813657341370398,51,Graduate
4,1,10,0,14,0,3.048481735899644,4.029103133390173,49,Dropout
3,5,11,0,14,0,22.31573224936447,28.72470377546874,36,Graduate
6,5,4,12,6,0,23.04400944578582,20.104301785946962,40,Graduate
9,5,17,14,0,1,19.496216988815412,24.889711971458052,51,Graduate
5,9,6,10,6,1,21.45737971748655,13.227366929126791,47,Graduate
9,1,9,13,2,1,21.67306957656596,22.702298523054786,42,Graduate
9,4,3,7,12,1,22.369454008718392,14.974899153115327,33,Graduate
5,6,6,10,3,0,7.6432676748214945,10.035030788562572,27,Dropout
8,2,7,9,3,1,23.757062867573197,0.656133140109767,45,Graduate
2,8,3,5,5,0,28.3436348193454,30.515758751484935,52,Dropout
4,1,13,12,13,1,22.354272684802197,16.73699144338468,53,Graduate
1,8,14,2,6,0,4.574781979071072,38.58153525808926,34,Dropout
8,6,7,8,4,0,31.30491766768308,37.84157129966341,17,Graduate
5,7,13,1,9,1,5.2005524868543995,39.580100897537704,50,Dropout
3,1,15,13,13,0,8.890748547248828,11.83363819140013,28,Graduate
5,4,3,14,0,1,28.877013211369732,27.861382160199373,42,Graduate
3,4,4,6,5,0,1.8217077677657656,39.58509682257959,27,Graduate
7,5,8,6,13,0,35.57292327166869,1.8356781422902202,19,Graduate
10,11,3,9,7,1,20.677523485785297,19.644383243116245,40,Graduate
8,3,3,9,14,1,4.8098985357805635,30.046020181448995,40,Graduate
8,9,17,13,12,0,35.88501086843108,31.76137002785504,21,Graduate
9,11,13,2,10,0,11.296889742453025,25.392715227291514,26,Graduate
8,10,10,1,7,0,2.2024615047569673,7.50696269684985,31,Dropout
4,2,15,9,14,0,15.010943422750259,7.136845862121577,44,Graduate
9,8,15,12,9,1,19.69525886100916,33.02085008978669,19,Graduate
7,2,11,13,4,0,12.243127887583904,12.546568935780304,39,Graduate
2,2,2,4,6,1,27.47526730361362,21.384111637726853,29,Dropout
2,4,8,13,5,1,21.01776531422977,38.318037145657165,36,Graduate
7,6,7,0,8,0,22.766988085598634,6.730332610555547,35,Dropout
11,2,6,5,9,0,9.363622445316121,30.859902012138264,40,Graduate
5,2,6,2,4,0,18.313648847183323,11.56468146580847,22,Dropout
3,5,10,9,7,1,23.512837392533473,10.702440333564445,54,Graduate
4,1,10,3,2,1,26.943315684776962,5.840136254073123,32,Dropout
